{"format":2,"version":"7.3.2","globals":"3e46a3357d50345c176923c5f3749cae","files":{"d_445dce409f33a44c___init___py":{"hash":"3c77fc9ef7f887ac2508d4109cf92472","index":{"nums":[0,1,0,0,0,0,0,0],"html_filename":"d_445dce409f33a44c___init___py.html","relative_filename":"ToDoApp\\__init__.py"}},"d_445dce409f33a44c_admin_py":{"hash":"aece57875d0974ed79e89c43dc87adce","index":{"nums":[0,1,13,0,0,0,0,0],"html_filename":"d_445dce409f33a44c_admin_py.html","relative_filename":"ToDoApp\\admin.py"}},"d_445dce409f33a44c_apps_py":{"hash":"1d7e81019e15f214403570e196767aec","index":{"nums":[0,1,4,0,0,0,0,0],"html_filename":"d_445dce409f33a44c_apps_py.html","relative_filename":"ToDoApp\\apps.py"}},"d_424097685e6bc987_0001_initial_py":{"hash":"9be9bcb16cc8c93d2d6c498d34a8ae42","index":{"nums":[0,1,5,0,0,0,0,0],"html_filename":"d_424097685e6bc987_0001_initial_py.html","relative_filename":"ToDoApp\\migrations\\0001_initial.py"}},"d_424097685e6bc987___init___py":{"hash":"3c77fc9ef7f887ac2508d4109cf92472","index":{"nums":[0,1,0,0,0,0,0,0],"html_filename":"d_424097685e6bc987___init___py.html","relative_filename":"ToDoApp\\migrations\\__init__.py"}},"d_445dce409f33a44c_models_py":{"hash":"376bcf940d21adcf9a42f95c6b17722f","index":{"nums":[0,1,27,0,0,0,0,0],"html_filename":"d_445dce409f33a44c_models_py.html","relative_filename":"ToDoApp\\models.py"}},"d_445dce409f33a44c_serializers_py":{"hash":"cca3f5846664ac6a5a9ef1c2fb3620cf","index":{"nums":[0,1,11,0,0,0,0,0],"html_filename":"d_445dce409f33a44c_serializers_py.html","relative_filename":"ToDoApp\\serializers.py"}},"d_1c3462f674e8916e_test_model_py":{"hash":"67b5885ee02416b181a9a9b040c4d279","index":{"nums":[0,1,36,0,0,0,0,0],"html_filename":"d_1c3462f674e8916e_test_model_py.html","relative_filename":"ToDoApp\\tests\\test_model.py"}},"d_1c3462f674e8916e_test_serializers_py":{"hash":"f260bf2d08ecae13dabd0f6a75061b6f","index":{"nums":[0,1,8,0,0,0,0,0],"html_filename":"d_1c3462f674e8916e_test_serializers_py.html","relative_filename":"ToDoApp\\tests\\test_serializers.py"}},"d_1c3462f674e8916e_test_views_py":{"hash":"efaa05312472fd58fa1dc9e28491d164","index":{"nums":[0,1,40,0,0,0,0,0],"html_filename":"d_1c3462f674e8916e_test_views_py.html","relative_filename":"ToDoApp\\tests\\test_views.py"}},"d_445dce409f33a44c_urls_py":{"hash":"8ab23e63284a7f3460cf4dd14db4a7ab","index":{"nums":[0,1,5,0,0,0,0,0],"html_filename":"d_445dce409f33a44c_urls_py.html","relative_filename":"ToDoApp\\urls.py"}},"d_445dce409f33a44c_views_py":{"hash":"9af5c2f797f3f98b37e944c03feeaf94","index":{"nums":[0,1,57,0,0,0,0,0],"html_filename":"d_445dce409f33a44c_views_py.html","relative_filename":"ToDoApp\\views.py"}},"d_2cd8afc780dc7681___init___py":{"hash":"3c77fc9ef7f887ac2508d4109cf92472","index":{"nums":[0,1,0,0,0,0,0,0],"html_filename":"d_2cd8afc780dc7681___init___py.html","relative_filename":"ToDoREST\\__init__.py"}},"d_2cd8afc780dc7681_settings_py":{"hash":"9d90ca833d9330799cbdf0296aef06e5","index":{"nums":[0,1,20,0,0,0,0,0],"html_filename":"d_2cd8afc780dc7681_settings_py.html","relative_filename":"ToDoREST\\settings.py"}},"d_2cd8afc780dc7681_urls_py":{"hash":"52d2bac7955b54611f07dac6e4cf872f","index":{"nums":[0,1,3,0,0,0,0,0],"html_filename":"d_2cd8afc780dc7681_urls_py.html","relative_filename":"ToDoREST\\urls.py"}},"manage_py":{"hash":"fa8487783c6a83f8dbcd51211469a683","index":{"nums":[0,1,12,0,2,0,0,0],"html_filename":"manage_py.html","relative_filename":"manage.py"}}}}